<?xml version="1.0" encoding="UTF-8"?>

<mule xmlns:http="http://www.mulesoft.org/schema/mule/http" xmlns:tracking="http://www.mulesoft.org/schema/mule/ee/tracking" xmlns="http://www.mulesoft.org/schema/mule/core" xmlns:doc="http://www.mulesoft.org/schema/mule/documentation"
	xmlns:spring="http://www.springframework.org/schema/beans" 
	xmlns:xsi="http://www.w3.org/2001/XMLSchema-instance"
	xsi:schemaLocation="http://www.springframework.org/schema/beans http://www.springframework.org/schema/beans/spring-beans-current.xsd
http://www.mulesoft.org/schema/mule/core http://www.mulesoft.org/schema/mule/core/current/mule.xsd
http://www.mulesoft.org/schema/mule/http http://www.mulesoft.org/schema/mule/http/current/mule-http.xsd
http://www.mulesoft.org/schema/mule/ee/tracking http://www.mulesoft.org/schema/mule/ee/tracking/current/mule-tracking-ee.xsd">
    <http:listener-config name="HTTP_Listener_Configuration" host="0.0.0.0" port="8081" doc:name="HTTP Listener Configuration"/>
    <flow name="hackathonFlow">
        <http:listener config-ref="HTTP_Listener_Configuration" path="/*" doc:name="HTTP"/>
        <http:static-resource-handler resourceBase="/Users/jamesnieper/AnypointStudio/workspace/hackathon/static" defaultFile="index.html" doc:name="HTTP Static Resource Handler"/>
    </flow>
    <flow name="tweetFlow">
        <http:listener config-ref="HTTP_Listener_Configuration" path="/api/tweet" doc:name="HTTP"/>
        <logger level="INFO" doc:name="Logger" message="Got request #[payload.'tweet']"/>
    </flow>
    <flow name="rebootFlow">
        <http:listener config-ref="HTTP_Listener_Configuration" path="/api/reboot" doc:name="HTTP"/>
        <logger level="INFO" doc:name="Logger"/>
    </flow>
    <flow name="weatherFlow">
        <http:listener config-ref="HTTP_Listener_Configuration" path="/api/weather" doc:name="HTTP"/>
        <logger message="Got request for weather: #[payload.'weatheron']" level="INFO" doc:name="Logger"/>
    </flow>
    <flow name="hackathonFlow1">
        <http:listener config-ref="HTTP_Listener_Configuration" path="/api/color" doc:name="HTTP"/>
        <logger message="Got request for color change for color: #[payload.'color'] and type: #[payload.'colortype']" level="INFO" doc:name="Logger"/>
    </flow>
</mule>
